Time (Seconds),Power (W),Temperature_Center(deg. C),Temperature__Middle(deg. C),Temperature_Surface(deg. C)
1,3.9262E-05,25.786044403035,25.7908754242513,25.7865096788676
2,3.9262E-05,25.7848338623732,25.7929127720971,25.7865096788676
3,3.9262E-05,25.7826145378267,25.7888380764056,25.7865096788676
4,3.9261E-05,25.7820092674958,25.7888380764056,25.7865096788676
5,3.9262E-05,25.7838250784884,25.7908754242513,25.7865096788676
6,3.9262E-05,25.7830180513806,25.7908754242513,25.7865096788676
7,3.9262E-05,25.7838250784884,25.7908754242513,25.7865096788676
8,3.9262E-05,25.7830180513806,25.7868007285598,25.7865096788676
9,3.9262E-05,25.7826145378267,25.7908754242513,25.7865096788676
10,3.9262E-05,25.7840268352654,25.7949501199429,25.7865096788676
11,3.9262E-05,25.7820092674958,25.7949501199429,25.7865096788676
12,3.9261E-05,25.7816057539419,25.7888380764056,25.7865096788676
13,3.9262E-05,25.7830180513806,25.7908754242513,25.7865096788676
14,3.9262E-05,25.7824127810497,25.7908754242513,25.7865096788676
15,3.9263E-05,25.7882637275815,25.7929127720971,25.7865096788676
16,3.9262E-05,25.7822110242727,25.7868007285598,25.7865096788676
17,3.9262E-05,25.7818075107188,25.7868007285598,25.7865096788676
18,3.9262E-05,25.7848338623732,25.7908754242513,25.7865096788676
19,3.9262E-05,25.7834215649345,25.7929127720971,25.7865096788676
20,3.9262E-05,25.7850356191502,25.7929127720971,25.7865096788676
21,3.9261E-05,25.781000483611,25.7929127720971,25.7865096788676
22,3.9262E-05,25.7840268352654,25.7888380764056,25.7865096788676
23,3.9261E-05,25.7822110242727,25.7929127720971,25.7865096788676
24,3.9262E-05,25.7834215649345,25.7888380764056,25.7865096788676
25,3.9262E-05,25.7824127810497,25.7868007285598,25.7865096788676
26,2.8546E-05,25.7834215649345,25.7969874677887,25.7865096788676
27,9.3058E-06,25.7906848089051,25.7888380764056,25.7865096788676
28,9.3058E-06,25.790886565682,25.7929127720971,25.7865096788676
29,9.3058E-06,25.7902812953511,25.7908754242513,25.7865096788676
30,9.3059E-06,25.7929041334516,25.7949501199429,25.7865096788676
31,9.3056E-06,25.785842646258,25.7908754242513,25.7865096788676
32,9.3057E-06,25.7884654843585,25.7908754242513,25.7865096788676
33,9.306E-06,25.7953252147751,25.7908754242513,25.7865096788676
34,9.3059E-06,25.7927023766746,25.7868007285598,25.7865096788676
35,9.3062E-06,25.7985533232065,25.7908754242513,25.7865096788676
36,9.3058E-06,25.7892725114663,25.7929127720971,25.7865096788676
37,9.306E-06,25.7941146741134,25.7929127720971,25.7865096788676
38,9.3059E-06,25.7918953495668,25.7929127720971,25.7865096788676
39,9.3059E-06,25.7927023766746,25.7929127720971,25.7865096788676
40,9.3058E-06,25.7892725114663,25.7929127720971,25.7865096788676
41,9.3061E-06,25.7969392689908,25.7908754242513,25.7865096788676
42,9.306E-06,25.795930485106,25.7908754242513,25.7865096788676
43,9.3056E-06,25.7870531869198,25.7888380764056,25.7865096788676
44,9.306E-06,25.7945181876673,25.7868007285598,25.7865096788676
45,9.3058E-06,25.7890707546894,25.7868007285598,25.7865096788676
46,9.306E-06,25.7949217012212,25.7949501199429,25.7865096788676
47,9.3058E-06,25.7900795385742,25.7868007285598,25.7865096788676
48,9.3059E-06,25.7929041334516,25.7888380764056,25.7865096788676
49,9.3061E-06,25.7963339986599,25.7929127720971,25.7865096788676
50,9.3061E-06,25.796132241883,25.7929127720971,25.7865096788676
51,9.3058E-06,25.7890707546894,25.7908754242513,25.7865096788676
52,9.306E-06,25.7947199444443,25.784763380714,25.7865096788676
53,9.306E-06,25.7939129173364,25.7949501199429,25.7865096788676
54,9.3059E-06,25.7922988631207,25.7929127720971,25.7865096788676
55,1.8099E-05,25.7864479165889,25.7888380764056,25.7865096788676
56,6.037E-05,25.7834215649345,25.7888380764056,25.7865096788676
57,6.0369E-05,25.7830180513806,25.7949501199429,25.7865096788676
58,6.0369E-05,25.7818075107188,25.7888380764056,25.7865096788676
59,6.0369E-05,25.7818075107188,25.7949501199429,25.7865096788676
60,6.0369E-05,25.7824127810497,25.7949501199429,25.7865096788676
61,6.0369E-05,25.7830180513806,25.7949501199429,25.7865096788676
62,6.037E-05,25.7834215649345,25.7888380764056,25.7865096788676
63,6.0369E-05,25.7822110242727,25.7949501199429,25.7865096788676
64,6.037E-05,25.7840268352654,25.7949501199429,25.7865096788676
65,6.037E-05,25.7844303488193,25.7929127720971,25.7865096788676
66,6.0369E-05,25.7801934565032,25.7929127720971,25.7865096788676
67,6.0369E-05,25.7820092674958,25.7888380764056,25.7865096788676
68,6.037E-05,25.7842285920423,25.7949501199429,25.7865096788676
69,6.037E-05,25.7838250784884,25.7908754242513,25.7865096788676
70,6.0369E-05,25.7820092674958,25.7908754242513,25.7865096788676
71,6.0369E-05,25.7830180513806,25.7888380764056,25.7865096788676
72,6.0369E-05,25.7822110242727,25.7888380764056,25.7865096788676
73,6.037E-05,25.7834215649345,25.7868007285598,25.7865096788676
74,6.0369E-05,25.781000483611,25.7949501199429,25.7865096788676
75,6.037E-05,25.7832198081575,25.7908754242513,25.7865096788676
76,6.0369E-05,25.7824127810497,25.7908754242513,25.7865096788676
77,6.0369E-05,25.7830180513806,25.7949501199429,25.7865096788676
78,6.0369E-05,25.7803952132801,25.7888380764056,25.7865096788676
79,6.0369E-05,25.7826145378267,25.7868007285598,25.7865096788676
80,6.037E-05,25.7842285920423,25.7868007285598,25.7865096788676
81,6.0369E-05,25.7818075107188,25.7929127720971,25.7865096788676
82,6.0369E-05,25.7828162946036,25.7949501199429,25.7865096788676
83,6.037E-05,25.7840268352654,25.7888380764056,25.7865096788676
84,6.037E-05,25.7838250784884,25.7929127720971,25.7865096788676
85,4.4863E-05,25.7834215649345,25.7868007285598,25.7865096788676
86,9.3059E-06,25.7912900792359,25.7888380764056,25.7865096788676
87,9.3058E-06,25.7906848089051,25.7908754242513,25.7865096788676
88,9.306E-06,25.7947199444443,25.7888380764056,25.7865096788676
89,9.3058E-06,25.7904830521281,25.7908754242513,25.7865096788676
90,9.3058E-06,25.7902812953511,25.7888380764056,25.7865096788676
91,9.3058E-06,25.7912900792359,25.7888380764056,25.7865096788676
92,9.3058E-06,25.7900795385742,25.7908754242513,25.7865096788676
93,9.3058E-06,25.7906848089051,25.7888380764056,25.7865096788676
94,9.3062E-06,25.7989568367604,25.7888380764056,25.7865096788676
95,9.3059E-06,25.7920971063438,25.7888380764056,25.7865096788676
96,9.3057E-06,25.7866496733659,25.7929127720971,25.7865096788676
97,9.3058E-06,25.790886565682,25.7868007285598,25.7865096788676
98,9.3058E-06,25.7904830521281,25.7949501199429,25.7865096788676
99,9.306E-06,25.7933076470055,25.7888380764056,25.7865096788676
100,9.3058E-06,25.7900795385742,25.7868007285598,25.7865096788676
101,9.306E-06,25.7935094037825,25.7908754242513,25.7865096788676
102,9.3059E-06,25.791088322459,25.7908754242513,25.7865096788676
103,9.3059E-06,25.7935094037825,25.7908754242513,25.7865096788676
104,9.306E-06,25.7947199444443,25.7908754242513,25.7865096788676
105,9.3058E-06,25.7894742682433,25.7908754242513,25.7865096788676
106,9.3059E-06,25.7922988631207,25.7868007285598,25.7865096788676
107,9.3061E-06,25.7965357554369,25.7888380764056,25.7865096788676
108,9.3063E-06,25.8001673774222,25.7888380764056,25.7865096788676
109,9.3059E-06,25.7918953495668,25.7908754242513,25.7865096788676
110,9.3058E-06,25.7904830521281,25.7908754242513,25.7865096788676
111,9.3058E-06,25.7904830521281,25.7908754242513,25.7865096788676
112,9.3058E-06,25.7912900792359,25.7888380764056,25.7865096788676
113,9.3059E-06,25.7927023766746,25.7868007285598,25.7865096788676
114,9.306E-06,25.7939129173364,25.7868007285598,25.7865096788676
115,9.9554E-05,25.7781758887336,25.7888380764056,25.7865096788676
116,9.9554E-05,25.7793864293953,25.7888380764056,25.7865096788676
117,9.9554E-05,25.7785794022875,25.7868007285598,25.7865096788676
118,9.9554E-05,25.7781758887336,25.7908754242513,25.7865096788676
119,9.9553E-05,25.7779741319566,25.7868007285598,25.7865096788676
120,9.9554E-05,25.7787811590644,25.7969874677887,25.7865096788676
121,9.9554E-05,25.7781758887336,25.7908754242513,25.7865096788676
122,9.9554E-05,25.7791846726184,25.7908754242513,25.7865096788676
123,9.9554E-05,25.7797899429492,25.7929127720971,25.7865096788676
124,9.9554E-05,25.7793864293953,25.7929127720971,25.7865096788676
125,9.9555E-05,25.7801934565032,25.7908754242513,25.7865096788676
126,9.9555E-05,25.7803952132801,25.7888380764056,25.7865096788676
127,9.9555E-05,25.780798726834,25.7888380764056,25.7865096788676
128,9.9555E-05,25.7799916997262,25.7868007285598,25.7865096788676
129,9.9554E-05,25.7795881861723,25.7908754242513,25.7865096788676
130,9.9555E-05,25.7803952132801,25.7908754242513,25.7865096788676
131,9.9553E-05,25.7773688616257,25.7908754242513,25.7865096788676
132,9.9554E-05,25.7787811590644,25.7888380764056,25.7865096788676
133,9.9555E-05,25.781000483611,25.7908754242513,25.7865096788676
134,9.9554E-05,25.7797899429492,25.7990248156344,25.7865096788676
135,9.9553E-05,25.7779741319566,25.7888380764056,25.7865096788676
136,9.9554E-05,25.7787811590644,25.7929127720971,25.7865096788676
137,9.9554E-05,25.7801934565032,25.7888380764056,25.7865096788676
138,9.9554E-05,25.7789829158414,25.7868007285598,25.7865096788676
139,9.9554E-05,25.7799916997262,25.7888380764056,25.7865096788676
140,9.9554E-05,25.7785794022875,25.7929127720971,25.7865096788676
141,9.9553E-05,25.7771671048488,25.7908754242513,25.7865096788676
142,9.9555E-05,25.7805969700571,25.7908754242513,25.7865096788676
143,9.9555E-05,25.781202240388,25.7929127720971,25.7865096788676
144,6.5375E-05,25.781000483611,25.7908754242513,25.7865096788676
145,9.3057E-06,25.7874567004737,25.7908754242513,25.7865096788676
146,9.3059E-06,25.7920971063438,25.7990248156344,25.7865096788676
147,9.3058E-06,25.7894742682433,25.7888380764056,25.7865096788676
148,9.3062E-06,25.7995621070913,25.784763380714,25.7865096788676
149,9.3062E-06,25.7977462960986,25.7908754242513,25.7865096788676
150,9.3057E-06,25.7878602140276,25.7949501199429,25.7865096788676
151,9.3058E-06,25.7902812953511,25.7868007285598,25.7865096788676
152,9.3058E-06,25.7904830521281,25.784763380714,25.7865096788676
153,9.3056E-06,25.7848338623732,25.7888380764056,25.7865096788676
154,9.3062E-06,25.7999656206452,25.7908754242513,25.7865096788676
155,9.3059E-06,25.7927023766746,25.7888380764056,25.7865096788676
156,9.3057E-06,25.7884654843585,25.7929127720971,25.7865096788676
157,9.3057E-06,25.7886672411355,25.7868007285598,25.7865096788676
158,9.3056E-06,25.7846321055963,25.7949501199429,25.7865096788676
159,9.3057E-06,25.7872549436967,25.7888380764056,25.7865096788676
160,9.3058E-06,25.7892725114663,25.7868007285598,25.7865096788676
161,9.3059E-06,25.7918953495668,25.7929127720971,25.7865096788676
162,9.3059E-06,25.7922988631207,25.7888380764056,25.7865096788676
163,9.3058E-06,25.7902812953511,25.7868007285598,25.7865096788676
164,9.3061E-06,25.7965357554369,25.7929127720971,25.7865096788676
165,9.3058E-06,25.7900795385742,25.7908754242513,25.7865096788676
166,9.3059E-06,25.7914918360129,25.7868007285598,25.7865096788676
167,9.3057E-06,25.7886672411355,25.7868007285598,25.7865096788676
168,9.3061E-06,25.7973427825447,25.7868007285598,25.7865096788676
169,9.3059E-06,25.7931058902286,25.7868007285598,25.7865096788676
170,9.3061E-06,25.7957287283291,25.7868007285598,25.7865096788676
171,9.306E-06,25.7951234579982,25.7908754242513,25.7865096788676
172,9.3057E-06,25.7884654843585,25.7908754242513,25.7865096788676
173,9.3058E-06,25.7906848089051,25.7868007285598,25.7865096788676
174,4.7512E-05,25.7886672411355,25.7908754242513,25.7865096788676
175,0.00017475,25.7747460235252,25.7908754242513,25.7865096788676
176,0.00017474,25.7733337260865,25.7888380764056,25.7865096788676
177,0.00017475,25.7753512938561,25.7888380764056,25.7865096788676
178,0.00017475,25.7755530506331,25.7908754242513,25.7865096788676
179,0.00017474,25.7721231854248,25.7929127720971,25.7865096788676
180,0.00017475,25.7747460235252,25.7929127720971,25.7865096788676
181,0.00017475,25.7747460235252,25.7908754242513,25.7865096788676
182,0.00017475,25.7765618345179,25.7908754242513,25.7865096788676
183,0.00017475,25.7749477803022,25.7929127720971,25.7865096788676
184,0.00017475,25.7765618345179,25.7949501199429,25.7865096788676
185,0.00017474,25.77575480741,25.7888380764056,25.7865096788676
186,0.00017475,25.7729302125326,25.7929127720971,25.7865096788676
187,0.00017474,25.7727284557556,25.7868007285598,25.7865096788676
188,0.00017474,25.7747460235252,25.7908754242513,25.7865096788676
189,0.00017475,25.7765618345179,25.7908754242513,25.7865096788676
190,0.00017474,25.7753512938561,25.7908754242513,25.7865096788676
191,0.00017474,25.7755530506331,25.7908754242513,25.7865096788676
192,0.00017475,25.7751495370792,25.7868007285598,25.7865096788676
193,0.00017475,25.7763600777409,25.7908754242513,25.7865096788676
194,0.00017475,25.7773688616257,25.7868007285598,25.7865096788676
195,0.00017474,25.7743425099713,25.7929127720971,25.7865096788676
196,0.00017475,25.7731319693096,25.7908754242513,25.7865096788676
197,0.00017475,25.7765618345179,25.7888380764056,25.7865096788676
198,0.00017475,25.7777723751796,25.7908754242513,25.7865096788676
199,0.00017475,25.77575480741,25.7908754242513,25.7865096788676
200,0.00017475,25.7767635912949,25.7908754242513,25.7865096788676
201,0.00017474,25.7753512938561,25.7888380764056,25.7865096788676
202,0.00017475,25.775956564187,25.7868007285598,25.7865096788676
203,9.5887E-05,25.7844303488193,25.7949501199429,25.7865096788676
204,9.3063E-06,25.8019831884148,25.7929127720971,25.7865096788676
205,9.306E-06,25.7949217012212,25.7929127720971,25.7865096788676
206,9.306E-06,25.7955269715521,25.7908754242513,25.7865096788676
207,9.3058E-06,25.7916935927898,25.7888380764056,25.7865096788676
208,9.3059E-06,25.7920971063438,25.7888380764056,25.7865096788676
209,9.3059E-06,25.7922988631207,25.7929127720971,25.7865096788676
210,9.3059E-06,25.7920971063438,25.7868007285598,25.7865096788676
211,9.3058E-06,25.7902812953511,25.784763380714,25.7865096788676
212,9.306E-06,25.7947199444443,25.7908754242513,25.7865096788676
213,9.306E-06,25.7949217012212,25.784763380714,25.7865096788676
214,9.3057E-06,25.7884654843585,25.7868007285598,25.7865096788676
215,9.3059E-06,25.7931058902286,25.784763380714,25.7865096788676
216,9.3059E-06,25.7916935927898,25.7949501199429,25.7865096788676
217,9.306E-06,25.7935094037825,25.7827260328683,25.7865096788676
218,9.3059E-06,25.7920971063438,25.7908754242513,25.7865096788676
219,9.3057E-06,25.7882637275815,25.7868007285598,25.7865096788676
220,9.3059E-06,25.7931058902286,25.7908754242513,25.7865096788676
221,9.306E-06,25.7945181876673,25.7908754242513,25.7865096788676
222,9.3058E-06,25.7904830521281,25.7888380764056,25.7865096788676
223,9.3059E-06,25.7920971063438,25.7929127720971,25.7865096788676
224,9.3058E-06,25.7906848089051,25.7929127720971,25.7865096788676
225,9.3058E-06,25.7896760250203,25.7888380764056,25.7865096788676
226,9.3058E-06,25.7906848089051,25.7908754242513,25.7865096788676
227,9.3059E-06,25.7931058902286,25.7868007285598,25.7865096788676
228,9.306E-06,25.7957287283291,25.7868007285598,25.7865096788676
229,9.3059E-06,25.7918953495668,25.7908754242513,25.7865096788676
230,9.3059E-06,25.7929041334516,25.7929127720971,25.7865096788676
231,9.306E-06,25.7957287283291,25.7888380764056,25.7865096788676
232,9.3062E-06,25.7983515664295,25.7888380764056,25.7865096788676
233,4.849E-05,25.7939129173364,25.7888380764056,25.7865096788676
234,0.0003232,25.7896760250203,25.7888380764056,25.7865096788676
235,0.0003232,25.7902812953511,25.7888380764056,25.7865096788676
236,0.0003232,25.7904830521281,25.7888380764056,25.7865096788676
237,0.00032321,25.7906848089051,25.7949501199429,25.7865096788676
238,0.00032321,25.791088322459,25.7929127720971,25.7865096788676
239,0.00032321,25.7937111605595,25.7929127720971,25.7865096788676
240,0.00032321,25.7922988631207,25.7929127720971,25.7865096788676
241,0.00032321,25.7914918360129,25.7868007285598,25.7865096788676
242,0.00032321,25.7931058902286,25.7929127720971,25.7865096788676
243,0.00032321,25.7927023766746,25.7969874677887,25.7865096788676
244,0.00032321,25.7927023766746,25.7949501199429,25.7865096788676
245,0.00032321,25.7922988631207,25.7908754242513,25.7865096788676
246,0.00032321,25.7929041334516,25.7949501199429,25.7865096788676
247,0.00032321,25.7933076470055,25.7949501199429,25.7865096788676
248,0.00032321,25.7925006198977,25.7888380764056,25.7865096788676
249,0.00032321,25.7922988631207,25.7929127720971,25.7865096788676
250,0.00032321,25.7914918360129,25.7888380764056,25.7865096788676
251,0.00032321,25.7937111605595,25.8010621634802,25.7865096788676
252,0.00032321,25.7941146741134,25.7929127720971,25.7865096788676
253,0.00032321,25.7925006198977,25.7908754242513,25.7865096788676
254,0.00032321,25.7933076470055,25.7949501199429,25.7865096788676
255,0.00032321,25.7939129173364,25.7949501199429,25.7865096788676
256,0.00032321,25.7935094037825,25.7949501199429,25.7865096788676
257,0.00032321,25.7941146741134,25.7969874677887,25.7865096788676
258,0.00032321,25.7933076470055,25.7929127720971,25.7865096788676
259,0.00032321,25.7929041334516,25.7908754242513,25.7865096788676
260,0.00032321,25.7939129173364,25.7929127720971,25.7865096788676
261,0.00032321,25.7937111605595,25.7949501199429,25.7865096788676
262,3.7485E-05,25.8035972426305,25.7949501199429,25.7865096788676
263,9.306E-06,25.7951234579982,25.7949501199429,25.7865096788676
264,9.306E-06,25.7939129173364,25.7949501199429,25.7865096788676
265,9.306E-06,25.7953252147751,25.7929127720971,25.7865096788676
266,9.306E-06,25.7943164308903,25.7929127720971,25.7865096788676
267,9.3063E-06,25.8001673774222,25.7888380764056,25.7865096788676
268,9.306E-06,25.7929041334516,25.7868007285598,25.7865096788676
269,9.3061E-06,25.7973427825447,25.7949501199429,25.7865096788676
270,9.3059E-06,25.7929041334516,25.7929127720971,25.7865096788676
271,9.306E-06,25.7935094037825,25.7888380764056,25.7865096788676
272,9.306E-06,25.7943164308903,25.7929127720971,25.7865096788676
273,9.306E-06,25.7939129173364,25.7929127720971,25.7865096788676
274,9.306E-06,25.7935094037825,25.7929127720971,25.7865096788676
275,9.3059E-06,25.7929041334516,25.7908754242513,25.7865096788676
276,9.306E-06,25.7945181876673,25.7929127720971,25.7865096788676
277,9.306E-06,25.7943164308903,25.7929127720971,25.7865096788676
278,9.3063E-06,25.80097440453,25.7868007285598,25.7865096788676
279,9.3061E-06,25.7973427825447,25.7868007285598,25.7865096788676
280,9.3062E-06,25.7993603503143,25.7868007285598,25.7865096788676
281,9.3058E-06,25.7902812953511,25.7888380764056,25.7865096788676
282,9.3061E-06,25.7975445393217,25.7929127720971,25.7865096788676
283,9.3061E-06,25.7981498096526,25.7868007285598,25.7865096788676
284,9.3062E-06,25.7979480528756,25.7888380764056,25.7865096788676
285,9.3059E-06,25.7935094037825,25.7908754242513,25.7865096788676
286,9.3062E-06,25.7987550799834,25.7868007285598,25.7865096788676
287,9.3058E-06,25.7906848089051,25.7929127720971,25.7865096788676
288,9.3059E-06,25.790886565682,25.7929127720971,25.7865096788676
289,9.3059E-06,25.790886565682,25.7888380764056,25.7865096788676
290,9.3062E-06,25.7993603503143,25.7908754242513,25.7865096788676
291,9.3059E-06,25.7916935927898,25.7908754242513,25.7865096788676
292,0.00014847,25.8017814316379,25.7929127720971,25.7865096788676
293,0.000623,25.8150973789172,25.7888380764056,25.7865096788676
294,0.000623,25.8155008924711,25.7990248156344,25.7865096788676
295,0.000623,25.8165096763559,25.7990248156344,25.7865096788676
296,0.000623,25.815904406025,25.7990248156344,25.7865096788676
297,0.000623,25.8169131899098,25.7990248156344,25.7865096788676
298,0.00062301,25.8179219737946,25.7990248156344,25.7865096788676
299,0.00062301,25.8179219737946,25.7990248156344,25.7865096788676
300,0.00062301,25.8187290009025,25.7990248156344,25.7865096788676
301,0.00062301,25.8187290009025,25.8010621634802,25.7865096788676
302,0.00062301,25.8175184602407,25.7969874677887,25.7865096788676
303,0.00062301,25.8179219737946,25.7969874677887,25.7865096788676
304,0.00062301,25.8187290009025,25.7990248156344,25.7865096788676
305,0.00062301,25.8195360280103,25.7990248156344,25.7865096788676
306,0.00062301,25.8195360280103,25.8010621634802,25.7865096788676
307,0.00062301,25.8191325144564,25.7990248156344,25.7865096788676
308,0.00062301,25.8195360280103,25.7969874677887,25.7865096788676
309,0.00062301,25.8195360280103,25.8010621634802,25.7865096788676
310,0.00062301,25.8193342712333,25.7969874677887,25.7865096788676
311,0.00062301,25.8185272441255,25.803099511326,25.7865096788676
312,0.00062301,25.8183254873486,25.7990248156344,25.7865096788676
313,0.00062301,25.8199395415642,25.7990248156344,25.7865096788676
314,0.00062301,25.8193342712333,25.8071742070175,25.7865096788676
315,0.00062301,25.8197377847873,25.8071742070175,25.7865096788676
316,0.00062301,25.8191325144564,25.8071742070175,25.7865096788676
317,0.00062301,25.8193342712333,25.803099511326,25.7865096788676
318,0.00062301,25.8199395415642,25.7990248156344,25.7865096788676
319,0.00062301,25.8193342712333,25.803099511326,25.7865096788676
320,0.00062301,25.8193342712333,25.7969874677887,25.7865096788676
321,0.00062301,25.8181237305716,25.8010621634802,25.7865096788676
322,0.00025672,25.8136850814785,25.8071742070175,25.7865096788676
323,9.3064E-06,25.8029919722996,25.7949501199429,25.7865096788676
324,9.3064E-06,25.8027902155227,25.7969874677887,25.7865096788676
325,9.3063E-06,25.800772647753,25.7990248156344,25.7865096788676
326,9.306E-06,25.7945181876673,25.7990248156344,25.7865096788676
327,9.306E-06,25.7955269715521,25.7990248156344,25.7865096788676
328,9.3062E-06,25.7999656206452,25.7929127720971,25.7865096788676
329,9.3062E-06,25.7985533232065,25.7949501199429,25.7865096788676
330,9.3062E-06,25.7987550799834,25.7888380764056,25.7865096788676
331,9.3059E-06,25.7916935927898,25.7929127720971,25.7865096788676
332,9.3059E-06,25.7912900792359,25.7908754242513,25.7865096788676
333,9.3061E-06,25.7971410257678,25.7949501199429,25.7865096788676
334,9.306E-06,25.7947199444443,25.7969874677887,25.7865096788676
335,9.3063E-06,25.8005708909761,25.7908754242513,25.7865096788676
336,9.3062E-06,25.7983515664295,25.7949501199429,25.7865096788676
337,9.306E-06,25.7937111605595,25.7908754242513,25.7865096788676
338,9.306E-06,25.7947199444443,25.7908754242513,25.7865096788676
339,9.3062E-06,25.7985533232065,25.7990248156344,25.7865096788676
340,9.3062E-06,25.7981498096526,25.7929127720971,25.7865096788676
341,9.3059E-06,25.7931058902286,25.7929127720971,25.7865096788676
342,9.3058E-06,25.790886565682,25.7908754242513,25.7865096788676
343,9.3059E-06,25.7925006198977,25.7908754242513,25.7865096788676
344,9.3061E-06,25.7963339986599,25.7949501199429,25.7865096788676
345,9.3061E-06,25.7967375122139,25.7888380764056,25.7865096788676
346,9.3059E-06,25.7925006198977,25.7929127720971,25.7865096788676
347,9.3061E-06,25.7963339986599,25.7929127720971,25.7865096788676
348,9.3062E-06,25.7979480528756,25.7888380764056,25.7865096788676
349,9.3059E-06,25.7927023766746,25.7908754242513,25.7865096788676
350,9.3061E-06,25.795930485106,25.7908754242513,25.7865096788676
351,8.5967E-05,25.8142903518093,25.7929127720971,25.7865096788676
352,0.0012401,25.8748173848973,25.7929127720971,25.7865096788676
353,0.0012402,25.8840981966374,25.7949501199429,25.7865096788676
354,0.0012402,25.8847034669683,25.8051368591717,25.7865096788676
355,0.0012402,25.886115764407,25.8010621634802,25.7865096788676
356,0.0012402,25.8875280618457,25.8092115548633,25.7865096788676
357,0.0012402,25.8875280618457,25.811248902709,25.7865096788676
358,0.0012402,25.8895456296153,25.8132862505548,25.7865096788676
359,0.0012402,25.8901508999462,25.8071742070175,25.7865096788676
360,0.0012402,25.8905544135001,25.8071742070175,25.7865096788676
361,0.0012402,25.8905544135001,25.811248902709,25.7865096788676
362,0.0012402,25.8905544135001,25.811248902709,25.7865096788676
363,0.0012402,25.8901508999462,25.811248902709,25.7865096788676
364,0.0012402,25.8907561702771,25.811248902709,25.7865096788676
365,0.0012402,25.8915631973849,25.8071742070175,25.7865096788676
366,0.0012402,25.8919667109388,25.8071742070175,25.7865096788676
367,0.0012402,25.8917649541619,25.811248902709,25.7865096788676
368,0.0012402,25.8915631973849,25.8153235984006,25.7865096788676
369,0.0012402,25.891361440608,25.811248902709,25.7865096788676
370,0.0012402,25.891159683831,25.811248902709,25.7865096788676
371,0.0012402,25.8919667109388,25.811248902709,25.7865096788676
372,0.0012402,25.8921684677158,25.811248902709,25.7865096788676
373,0.0012402,25.8923702244928,25.8071742070175,25.7865096788676
374,0.0012402,25.8919667109388,25.8092115548633,25.7865096788676
375,0.0012402,25.8917649541619,25.811248902709,25.7865096788676
376,0.0012402,25.8917649541619,25.8153235984006,25.7865096788676
377,0.0012402,25.8915631973849,25.8132862505548,25.7865096788676
378,0.0012402,25.8919667109388,25.8153235984006,25.7865096788676
379,0.0012402,25.8925719812697,25.8153235984006,25.7865096788676
380,0.0012402,25.8921684677158,25.811248902709,25.7865096788676
381,0.00088025,25.8788525204364,25.811248902709,25.7865096788676
382,9.307E-06,25.8177202170177,25.811248902709,25.7865096788676
383,9.3067E-06,25.8102552162702,25.803099511326,25.7865096788676
384,9.3065E-06,25.8056148104001,25.8010621634802,25.7865096788676
385,9.3063E-06,25.8015796748609,25.7929127720971,25.7865096788676
386,9.3063E-06,25.8017814316379,25.7990248156344,25.7865096788676
387,9.3064E-06,25.8033954858535,25.7949501199429,25.7865096788676
388,9.3061E-06,25.7971410257678,25.7990248156344,25.7865096788676
389,9.3061E-06,25.7965357554369,25.7929127720971,25.7865096788676
390,9.306E-06,25.7965357554369,25.7929127720971,25.7865096788676
391,9.3062E-06,25.7995621070913,25.7969874677887,25.7865096788676
392,9.3062E-06,25.7985533232065,25.7929127720971,25.7865096788676
393,9.3059E-06,25.7920971063438,25.7908754242513,25.7865096788676
394,9.3063E-06,25.8005708909761,25.7908754242513,25.7865096788676
395,9.3059E-06,25.7916935927898,25.7969874677887,25.7865096788676
396,9.3061E-06,25.7967375122139,25.7969874677887,25.7865096788676
397,9.306E-06,25.7943164308903,25.7929127720971,25.7865096788676
398,9.306E-06,25.7953252147751,25.7908754242513,25.7865096788676
399,9.306E-06,25.7937111605595,25.7908754242513,25.7865096788676
400,9.306E-06,25.7937111605595,25.7969874677887,25.7865096788676
401,9.3059E-06,25.7929041334516,25.7868007285598,25.7865096788676
402,9.3058E-06,25.7902812953511,25.7949501199429,25.7865096788676
403,9.3063E-06,25.7997638638682,25.7888380764056,25.7865096788676
404,9.3062E-06,25.7987550799834,25.7888380764056,25.7865096788676
405,9.3059E-06,25.791088322459,25.7888380764056,25.7865096788676
406,9.3061E-06,25.7969392689908,25.7929127720971,25.7865096788676
407,9.306E-06,25.7943164308903,25.7929127720971,25.7865096788676
408,9.3061E-06,25.7965357554369,25.7908754242513,25.7865096788676
409,9.3061E-06,25.7973427825447,25.7868007285598,25.7865096788676
410,0.0010975,25.9216249571519,25.7908754242513,25.7865096788676
411,0.0025275,26.02129280497,25.784763380714,25.7865096788676
412,0.0025275,26.0231086159626,25.8051368591717,25.7865096788676
413,0.0025276,26.0277490218327,25.8092115548633,25.7865096788676
414,0.0025276,26.0305736167101,25.8173609462463,25.7865096788676
415,0.0025277,26.0331964548106,25.8193982940921,25.7865096788676
416,0.0025277,26.0354157793572,25.8255103376294,25.7865096788676
417,0.0025277,26.0366263200189,25.8193982940921,25.7865096788676
418,0.0025277,26.0384421310116,25.8255103376294,25.7865096788676
419,0.0025277,26.0392491581194,25.8295850333209,25.7865096788676
420,0.0025277,26.0394509148964,25.8275476854752,25.7865096788676
421,0.0025277,26.0394509148964,25.8316223811667,25.7865096788676
422,0.0025278,26.0400561852273,25.8316223811667,25.7865096788676
423,0.0025278,26.0404596987812,25.8316223811667,25.7865096788676
424,0.0025278,26.0410649691121,25.8255103376294,25.7865096788676
425,0.0025278,26.0410649691121,25.8295850333209,25.7865096788676
426,0.0025278,26.041266725889,25.8295850333209,25.7865096788676
427,0.0025278,26.0408632123351,25.8295850333209,25.7865096788676
428,0.0025278,26.0410649691121,25.8295850333209,25.7865096788676
429,0.0025278,26.041468482666,25.8295850333209,25.7865096788676
430,0.0025278,26.0420737529968,25.8255103376294,25.7865096788676
431,0.0025278,26.0416702394429,25.8295850333209,25.7865096788676
432,0.0025278,26.041468482666,25.8316223811667,25.7865096788676
433,0.0025278,26.0416702394429,25.8255103376294,25.7865096788676
434,0.0025278,26.041266725889,25.8295850333209,25.7865096788676
435,0.0025278,26.041468482666,25.8295850333209,25.7865096788676
436,0.0025278,26.0416702394429,25.8275476854752,25.7865096788676
437,0.0025278,26.0418719962199,25.8295850333209,25.7865096788676
438,0.0025278,26.0422755097738,25.8275476854752,25.7865096788676
439,0.0025278,26.041468482666,25.8295850333209,25.7865096788676
440,0.00044629,25.9129494157426,25.8295850333209,25.7865096788676
441,9.3074E-06,25.8255887313191,25.8295850333209,25.7865096788676
442,9.3071E-06,25.8189307576794,25.811248902709,25.7865096788676
443,9.3066E-06,25.8084394052775,25.8051368591717,25.7865096788676
444,9.3067E-06,25.8090446756084,25.803099511326,25.7865096788676
445,9.3064E-06,25.8025884587457,25.7969874677887,25.7865096788676
446,9.3063E-06,25.8005708909761,25.8051368591717,25.7865096788676
447,9.3065E-06,25.8040007561844,25.7969874677887,25.7865096788676
448,9.3062E-06,25.7993603503143,25.7969874677887,25.7865096788676
449,9.3058E-06,25.7912900792359,25.7969874677887,25.7865096788676
450,9.3063E-06,25.800772647753,25.7929127720971,25.7865096788676
451,9.3062E-06,25.7985533232065,25.7929127720971,25.7865096788676
452,9.3064E-06,25.8029919722996,25.7949501199429,25.7865096788676
453,9.306E-06,25.7927023766746,25.7949501199429,25.7865096788676
454,9.3061E-06,25.7977462960986,25.7929127720971,25.7865096788676
455,9.3061E-06,25.7969392689908,25.7949501199429,25.7865096788676
456,9.3059E-06,25.7929041334516,25.7949501199429,25.7865096788676
457,9.3056E-06,25.786044403035,25.7929127720971,25.7865096788676
458,9.306E-06,25.7943164308903,25.7908754242513,25.7865096788676
459,9.3061E-06,25.7967375122139,25.7888380764056,25.7865096788676
460,9.3062E-06,25.7979480528756,25.7908754242513,25.7865096788676
461,9.306E-06,25.7945181876673,25.7908754242513,25.7865096788676
462,9.3061E-06,25.7975445393217,25.7929127720971,25.7865096788676
463,9.3061E-06,25.7971410257678,25.7908754242513,25.7865096788676
464,9.306E-06,25.7941146741134,25.7929127720971,25.7865096788676
465,9.3061E-06,25.7965357554369,25.7908754242513,25.7865096788676
466,9.3059E-06,25.7933076470055,25.7908754242513,25.7865096788676
467,9.3062E-06,25.7983515664295,25.7949501199429,25.7865096788676
468,9.3063E-06,25.7999656206452,25.7949501199429,25.7865096788676
469,9.3057E-06,25.7880619708046,25.7888380764056,25.7865096788676
470,0.001976,26.066486323009,25.7908754242513,25.7865096788676
471,0.0052439,26.3079891850297,25.7969874677887,25.7865096788676
472,0.0052441,26.3182787806547,25.8336597290125,25.7865096788676
473,0.0052446,26.3356298634732,25.8418091203956,25.7865096788676
474,0.0052447,26.341480810005,25.8418091203956,25.7865096788676
475,0.0052448,26.3459194590982,25.856070555316,25.7865096788676
476,0.0052449,26.3489458107525,25.8621825988533,25.7865096788676
477,0.005245,26.3511651352991,25.8581079031617,25.7865096788676
478,0.005245,26.3531827030687,25.8621825988533,25.7865096788676
479,0.005245,26.3539897301765,25.8621825988533,25.7865096788676
480,0.0052451,26.3552002708383,25.8621825988533,25.7865096788676
481,0.0052451,26.3558055411692,25.8682946423906,25.7865096788676
482,0.0052451,26.356814325054,25.8682946423906,25.7865096788676
483,0.0052451,26.3572178386079,25.8723693380821,25.7865096788676
484,0.0052451,26.3580248657157,25.8682946423906,25.7865096788676
485,0.0052451,26.3578231089388,25.8744066859279,25.7865096788676
486,0.0052451,26.3580248657157,25.8662572945448,25.7865096788676
487,0.0052451,26.3580248657157,25.8723693380821,25.7865096788676
488,0.0052451,26.3588318928236,25.8723693380821,25.7865096788676
489,0.0052451,26.3590336496005,25.864219946699,25.7865096788676
490,0.0052452,26.3590336496005,25.8682946423906,25.7865096788676
491,0.0052452,26.3592354063775,25.8703319902363,25.7865096788676
492,0.0052452,26.3588318928236,25.8703319902363,25.7865096788676
493,0.0052451,26.3584283792696,25.8703319902363,25.7865096788676
494,0.0052451,26.3586301360466,25.8703319902363,25.7865096788676
495,0.0052452,26.3594371631544,25.8703319902363,25.7865096788676
496,0.0052452,26.3596389199314,25.8723693380821,25.7865096788676
497,0.0052452,26.3590336496005,25.864219946699,25.7865096788676
498,0.0052452,26.3592354063775,25.8662572945448,25.7865096788676
499,0.0010262,26.0725390263178,25.8703319902363,25.7865096788676
500,9.3083E-06,25.8473784632307,25.8703319902363,25.7865096788676
501,9.3077E-06,25.8338607591744,25.8438464682413,25.7865096788676
502,9.3071E-06,25.8201412983412,25.8234729897836,25.7865096788676
503,9.307E-06,25.8173167034637,25.8173609462463,25.7865096788676
504,9.3064E-06,25.8029919722996,25.8132862505548,25.7865096788676
505,9.3066E-06,25.8082376485005,25.8071742070175,25.7865096788676
506,9.3067E-06,25.8100534594932,25.8010621634802,25.7865096788676
507,9.3065E-06,25.806018323954,25.8051368591717,25.7865096788676
508,9.3063E-06,25.8013779180839,25.8010621634802,25.7865096788676
509,9.3063E-06,25.8017814316379,25.7990248156344,25.7865096788676
510,9.3061E-06,25.7965357554369,25.7929127720971,25.7865096788676
511,9.3063E-06,25.8005708909761,25.7969874677887,25.7865096788676
512,9.3059E-06,25.7927023766746,25.7929127720971,25.7865096788676
513,9.3059E-06,25.7912900792359,25.7929127720971,25.7865096788676
514,9.3063E-06,25.8005708909761,25.7908754242513,25.7865096788676
515,9.3062E-06,25.7979480528756,25.7949501199429,25.7865096788676
516,9.306E-06,25.7941146741134,25.7949501199429,25.7865096788676
517,9.3059E-06,25.7922988631207,25.7929127720971,25.7865096788676
518,9.3061E-06,25.7973427825447,25.7929127720971,25.7865096788676
519,9.306E-06,25.7953252147751,25.7929127720971,25.7865096788676
520,9.3061E-06,25.795930485106,25.7908754242513,25.7865096788676
521,9.3061E-06,25.7975445393217,25.7908754242513,25.7865096788676
522,9.3059E-06,25.7916935927898,25.7888380764056,25.7865096788676
523,9.3061E-06,25.7975445393217,25.7868007285598,25.7865096788676
524,9.3058E-06,25.791088322459,25.7949501199429,25.7865096788676
525,9.3058E-06,25.7904830521281,25.7929127720971,25.7865096788676
526,9.3058E-06,25.7904830521281,25.7908754242513,25.7865096788676
527,9.306E-06,25.7955269715521,25.7888380764056,25.7865096788676
528,9.3059E-06,25.7929041334516,25.7888380764056,25.7865096788676
529,0.0034111,26.3398667557894,25.7929127720971,25.7865096788676
530,0.011025,26.867258970762,25.7949501199429,25.7865096788676
531,0.011028,26.9279877606269,25.8295850333209,25.7865096788676
532,0.01103,26.9602688449404,25.8805187294652,25.7865096788676
533,0.011031,26.9808480361903,25.9008922079229,25.7865096788676
534,0.011032,26.9947692538005,25.909041599306,25.7865096788676
535,0.011032,27.0054623629794,25.9212656863806,25.7865096788676
536,0.011033,27.0129273637269,25.935527121301,25.7865096788676
537,0.011033,27.0183747967048,25.9416391648383,25.7865096788676
538,0.011033,27.022611689021,25.9375644691467,25.7865096788676
539,0.011034,27.0256380406754,25.943676512684,25.7865096788676
540,0.011034,27.0280591219989,25.9538632519129,25.7865096788676
541,0.011034,27.0298749329915,25.9477512083756,25.7865096788676
542,0.011034,27.0312872304302,25.9477512083756,25.7865096788676
543,0.011034,27.032497771092,25.9599752954502,25.7865096788676
544,0.011034,27.0343135820847,25.9457138605298,25.7865096788676
545,0.011034,27.0349188524155,25.962012643296,25.7865096788676
546,0.011034,27.0353223659694,25.9518259040671,25.7865096788676
547,0.011034,27.0357258795234,25.9477512083756,25.7865096788676
548,0.011034,27.0359276363003,25.9559005997587,25.7865096788676
549,0.011034,27.0365329066312,25.9559005997587,25.7865096788676
550,0.011034,27.0365329066312,25.9538632519129,25.7865096788676
551,0.011034,27.0369364201851,25.9559005997587,25.7865096788676
552,0.011034,27.0371381769621,25.962012643296,25.7865096788676
553,0.011034,27.037339933739,25.9579379476044,25.7865096788676
554,0.011034,27.037339933739,25.9599752954502,25.7865096788676
555,0.011034,27.037743447293,25.9599752954502,25.7865096788676
556,0.011034,27.037743447293,25.9579379476044,25.7865096788676
557,0.011034,27.0379452040699,25.9579379476044,25.7865096788676
558,0.0069744,26.8097582893285,25.9579379476044,25.7865096788676
559,9.3127E-06,25.9454322568331,25.9579379476044,25.7865096788676
560,9.3103E-06,25.890957927054,25.9294150777637,25.7865096788676
561,9.3094E-06,25.8705804925811,25.8968175122314,25.7865096788676
562,9.3085E-06,25.8516153555469,25.8519958596244,25.7865096788676
563,9.3077E-06,25.8340625159514,25.8397717725498,25.7865096788676
564,9.3074E-06,25.8257904880961,25.8295850333209,25.7865096788676
565,9.3069E-06,25.8150973789172,25.8295850333209,25.7865096788676
566,9.3069E-06,25.8146938653633,25.8092115548633,25.7865096788676
567,9.3064E-06,25.8042025129614,25.8071742070175,25.7865096788676
568,9.3066E-06,25.8082376485005,25.803099511326,25.7865096788676
569,9.3063E-06,25.8023867019687,25.7990248156344,25.7865096788676
570,9.3063E-06,25.8005708909761,25.7969874677887,25.7865096788676
571,9.3061E-06,25.7967375122139,25.7990248156344,25.7865096788676
572,9.3063E-06,25.8013779180839,25.7969874677887,25.7865096788676
573,9.3063E-06,25.800772647753,25.7949501199429,25.7865096788676
574,9.3062E-06,25.7987550799834,25.7908754242513,25.7865096788676
575,9.306E-06,25.7949217012212,25.7929127720971,25.7865096788676
576,9.3058E-06,25.7894742682433,25.7949501199429,25.7865096788676
577,9.3062E-06,25.7979480528756,25.7929127720971,25.7865096788676
578,9.3061E-06,25.7975445393217,25.7908754242513,25.7865096788676
579,9.3059E-06,25.7914918360129,25.7908754242513,25.7865096788676
580,9.3061E-06,25.7975445393217,25.7888380764056,25.7865096788676
581,9.306E-06,25.7951234579982,25.7949501199429,25.7865096788676
582,9.3059E-06,25.7929041334516,25.7949501199429,25.7865096788676
583,9.306E-06,25.7943164308903,25.7949501199429,25.7865096788676
584,9.3058E-06,25.7890707546894,25.7908754242513,25.7865096788676
585,9.3061E-06,25.795930485106,25.7908754242513,25.7865096788676
586,9.3061E-06,25.7971410257678,25.7929127720971,25.7865096788676
587,9.306E-06,25.7953252147751,25.7949501199429,25.7865096788676
588,0.00087181,26.1855228214152,25.7929127720971,25.7865096788676
589,0.023451,28.0307903034886,25.7949501199429,25.7865096788676
590,0.023481,28.304170736269,25.8356970768583,25.7865096788676
591,0.023484,28.3279780359502,25.943676512684,25.7865096788676
592,0.023489,28.3707504726657,26.0210957308233,25.7865096788676
593,0.023492,28.4016192595405,26.0435065571268,25.7865096788676
594,0.023495,28.4240142617831,26.067954731276,25.7865096788676
595,0.023497,28.4415671013785,26.0801788183506,25.7865096788676
596,0.023498,28.4540760215501,26.1046269924998,25.7865096788676
597,0.023499,28.4635585900672,26.1066643403456,25.7865096788676
598,0.0235,28.4708218340377,26.120925775266,25.7865096788676
599,0.023501,28.4754622399078,26.1331498623406,25.7865096788676
600,0.023501,28.4796991322239,26.1229631231118,25.7865096788676
601,0.023501,28.4825237271014,26.1412992537237,25.7865096788676
602,0.023502,28.4869623761945,26.1290751666491,25.7865096788676
603,0.023502,28.4889799439641,26.1311125144948,25.7865096788676
604,0.023502,28.4901904846258,26.1453739494152,25.7865096788676
605,0.023502,28.4909975117337,26.1331498623406,25.7865096788676
606,0.023502,28.4920062956185,26.1453739494152,25.7865096788676
607,0.023502,28.4922080523954,26.1412992537237,25.7865096788676
608,0.023503,28.4934185930572,26.1433366015695,25.7865096788676
609,0.023503,28.4930150795033,26.1433366015695,25.7865096788676
610,0.023503,28.4950326472729,26.1412992537237,25.7865096788676
611,0.023503,28.4958396743807,26.1433366015695,25.7865096788676
612,0.023503,28.4956379176038,26.147411297261,25.7865096788676
613,0.023503,28.4952344040498,26.1494486451068,25.7865096788676
614,0.023503,28.4966467014885,26.1514859929525,25.7865096788676
615,0.023503,28.4980589989273,26.1392619058779,25.7865096788676
616,0.023503,28.4978572421503,26.1392619058779,25.7865096788676
617,0.0031476,26.9808480361903,26.1372245580321,25.7865096788676
618,9.3183E-06,26.0689074043325,26.1188884274202,25.7865096788676
619,9.3146E-06,25.9865906393329,26.1188884274202,25.7865096788676
620,9.312E-06,25.9278794172377,25.9762740782164,25.7865096788676
621,9.3105E-06,25.8949930625932,25.9375644691467,25.7865096788676
622,9.3092E-06,25.8673523841498,25.9375644691467,25.7865096788676
623,9.3085E-06,25.851010085216,25.9375644691467,25.7865096788676
624,9.3081E-06,25.8421327870298,25.9375644691467,25.7865096788676
625,9.3074E-06,25.8263957584269,25.9375644691467,25.7865096788676
626,9.3074E-06,25.8263957584269,25.8275476854752,25.7865096788676
627,9.307E-06,25.8171149466868,25.8234729897836,25.7865096788676
628,9.3066E-06,25.8096499459393,25.8173609462463,25.7865096788676
629,9.3065E-06,25.8054130536231,25.8071742070175,25.7865096788676
630,9.3066E-06,25.8080358917236,25.8071742070175,25.7865096788676
631,9.3064E-06,25.8042025129614,25.803099511326,25.7865096788676
632,9.3064E-06,25.8044042697383,25.803099511326,25.7865096788676
633,9.3063E-06,25.801176161307,25.8010621634802,25.7865096788676
634,9.3063E-06,25.8015796748609,25.7949501199429,25.7865096788676
635,9.3062E-06,25.7995621070913,25.8010621634802,25.7865096788676
636,9.3064E-06,25.8040007561844,25.7969874677887,25.7865096788676
637,9.3061E-06,25.7965357554369,25.7929127720971,25.7865096788676
638,9.3063E-06,25.8001673774222,25.7949501199429,25.7865096788676
639,9.3063E-06,25.8027902155227,25.7949501199429,25.7865096788676
640,9.3062E-06,25.7995621070913,25.7908754242513,25.7865096788676
641,9.3063E-06,25.7999656206452,25.7888380764056,25.7865096788676
642,9.3059E-06,25.7920971063438,25.7908754242513,25.7865096788676
643,9.3058E-06,25.7900795385742,25.7929127720971,25.7865096788676
644,9.3059E-06,25.7927023766746,25.7929127720971,25.7865096788676
645,9.3063E-06,25.80097440453,25.7949501199429,25.7865096788676
646,9.306E-06,25.7953252147751,25.7949501199429,25.7865096788676
647,0.013401,27.8159193360265,25.7949501199429,25.7865096788676
648,0.034822,29.3165862430528,25.8051368591717,25.7865096788676
649,0.034853,29.5022024778557,25.9273777299179,25.7865096788676
650,0.034869,29.6034843798895,26.0312824700521,25.7865096788676
651,0.03488,29.6688535756244,26.0862908618879,25.7865096788676
652,0.034887,29.7136435801094,26.1637100800272,25.7865096788676
653,0.034893,29.7463281779769,26.2105690804798,25.7865096788676
654,0.034897,29.7699337208812,26.2187184718629,25.7865096788676
655,0.034899,29.7872848036997,26.2472413417037,25.7865096788676
656,0.034902,29.8016095348639,26.2818762550818,25.7865096788676
657,0.034903,29.8123026440427,26.2716895158529,25.7865096788676
658,0.034905,29.8201711583442,26.2818762550818,25.7865096788676
659,0.034906,29.825820348099,26.2981750378479,25.7865096788676
660,0.034906,29.8294519700843,26.2961376900022,25.7865096788676
661,0.034907,29.8348994030622,26.3002123856937,25.7865096788676
662,0.034908,29.8375222411627,26.3002123856937,25.7865096788676
663,0.034908,29.8403468360401,26.3083617770768,25.7865096788676
664,0.034908,29.8421626470328,26.3103991249226,25.7865096788676
665,0.034902,29.8054429136261,26.3165111684599,25.7865096788676
666,0.034904,29.816136022805,26.3083617770768,25.7865096788676
667,0.034904,29.8171448066898,26.2981750378479,25.7865096788676
668,0.034903,29.8092762923884,26.306324429231,25.7865096788676
669,0.034903,29.8102850762732,26.3042870813853,25.7865096788676
670,0.034902,29.8024165619717,26.3042870813853,25.7865096788676
671,0.034903,29.8100833194962,26.2879882986191,25.7865096788676
672,0.034903,29.8074604813957,26.3022497335395,25.7865096788676
673,0.034903,29.810890346604,26.3022497335395,25.7865096788676
674,0.034903,29.8104868330501,26.3144738206141,25.7865096788676
675,0.034903,29.8112938601579,26.2879882986191,25.7865096788676
676,0.034903,29.8094780491653,26.306324429231,25.7865096788676
677,0.01934,28.905002418055,26.2961376900022,25.7865096788676
678,9.327E-06,26.266629045753,26.2024196890968,25.7865096788676
679,9.3199E-06,26.1070394351779,26.1025896446541,25.7865096788676
680,9.3158E-06,26.0140295609995,26.0251704265148,25.7865096788676
681,9.3133E-06,25.9591517176664,26.0251704265148,25.7865096788676
682,9.3116E-06,25.9202126597132,25.9131162949975,25.7865096788676
683,9.3102E-06,25.8883350889535,25.8927428165398,25.7865096788676
684,9.3092E-06,25.8665453570419,25.8682946423906,25.7865096788676
685,9.3085E-06,25.851010085216,25.8458838160871,25.7865096788676
686,9.3078E-06,25.8340625159514,25.8356970768583,25.7865096788676
687,9.3074E-06,25.8251852177652,25.8356970768583,25.7865096788676
688,9.3072E-06,25.8215535957799,25.8356970768583,25.7865096788676
689,9.3072E-06,25.8227641364416,25.8356970768583,25.7865096788676
690,9.3066E-06,25.8084394052775,25.8356970768583,25.7865096788676
691,9.3069E-06,25.8148956221402,25.8092115548633,25.7865096788676
692,9.3066E-06,25.8088429188314,25.803099511326,25.7865096788676
693,9.3063E-06,25.8013779180839,25.803099511326,25.7865096788676
694,9.3064E-06,25.8031937290766,25.8051368591717,25.7865096788676
695,9.3063E-06,25.8013779180839,25.8051368591717,25.7865096788676
696,9.3065E-06,25.806018323954,25.8010621634802,25.7865096788676
697,9.3063E-06,25.8005708909761,25.7969874677887,25.7865096788676
698,9.3062E-06,25.7997638638682,25.7990248156344,25.7865096788676
699,9.306E-06,25.7947199444443,25.8010621634802,25.7865096788676
700,9.3062E-06,25.7997638638682,25.8010621634802,25.7865096788676
701,9.3063E-06,25.80097440453,25.7908754242513,25.7865096788676
702,9.3063E-06,25.800772647753,25.7990248156344,25.7865096788676
703,9.3062E-06,25.7997638638682,25.7990248156344,25.7865096788676
704,9.3059E-06,25.7933076470055,25.7969874677887,25.7765096788676
705,9.306E-06,25.7935094037825,25.7949501199429,25.7765096788676
706,9.3061E-06,25.7979480528756,25.7929127720971,25.7765096788676
707,9.3061E-06,25.7963339986599,25.7969874677887,25.7765096788676
708,9.306E-06,25.7955269715521,25.7949501199429,25.7765096788676
709,9.3062E-06,25.7983515664295,25.7949501199429,25.7765096788676
710,9.3063E-06,25.8003691341991,25.7969874677887,25.7765096788676
711,9.3059E-06,25.7939129173364,25.7929127720971,25.7765096788676
712,9.306E-06,25.7939129173364,25.7929127720971,25.7765096788676
713,9.3061E-06,25.7971410257678,25.7868007285598,25.7765096788676
714,9.3061E-06,25.7975445393217,25.7949501199429,25.7765096788676
715,9.306E-06,25.7943164308903,25.7949501199429,25.7765096788676
716,9.3061E-06,25.7973427825447,25.7888380764056,25.7765096788676
717,9.3062E-06,25.7983515664295,25.7908754242513,25.7765096788676
718,9.3062E-06,25.7999656206452,25.7929127720971,25.7765096788676
719,9.3059E-06,25.7937111605595,25.7949501199429,25.7765096788676
720,9.3061E-06,25.7963339986599,25.7888380764056,25.7765096788676
721,9.306E-06,25.7939129173364,25.7990248156344,25.7765096788676
722,9.3061E-06,25.7955269715521,25.7949501199429,25.7765096788676
723,9.3061E-06,25.7967375122139,25.7949501199429,25.7765096788676
724,9.3061E-06,25.7965357554369,25.7949501199429,25.7765096788676
725,9.306E-06,25.7937111605595,25.7949501199429,25.7765096788676
726,9.3062E-06,25.7979480528756,25.7949501199429,25.7765096788676
727,9.3059E-06,25.7925006198977,25.7929127720971,25.7765096788676
728,9.3061E-06,25.7969392689908,25.7908754242513,25.7765096788676
729,9.3059E-06,25.7927023766746,25.7908754242513,25.7765096788676
730,9.306E-06,25.7937111605595,25.7908754242513,25.7765096788676
731,9.3061E-06,25.7953252147751,25.7888380764056,25.7765096788676
732,9.3061E-06,25.7963339986599,25.7908754242513,25.7765096788676
733,9.306E-06,25.7931058902286,25.7949501199429,25.7765096788676
734,9.3058E-06,25.791088322459,25.7908754242513,25.7765096788676
735,9.306E-06,25.7937111605595,25.7929127720971,25.7765096788676
736,9.3061E-06,25.795930485106,25.7929127720971,25.7765096788676
737,9.3062E-06,25.7995621070913,25.7929127720971,25.7765096788676
738,9.306E-06,25.7937111605595,25.7929127720971,25.7765096788676
739,9.306E-06,25.7957287283291,25.7929127720971,25.7765096788676
740,9.3062E-06,25.7981498096526,25.7888380764056,25.7765096788676
741,9.3058E-06,25.7902812953511,25.7949501199429,25.7765096788676
742,9.3061E-06,25.7975445393217,25.7908754242513,25.7765096788676
743,9.3064E-06,25.8031937290766,25.7868007285598,25.7765096788676
744,9.3062E-06,25.7985533232065,25.7868007285598,25.7765096788676
745,9.3059E-06,25.790886565682,25.7888380764056,25.7765096788676
746,9.306E-06,25.7957287283291,25.7888380764056,25.7765096788676
747,9.3059E-06,25.7939129173364,25.7888380764056,25.7765096788676
